,title,hits
18,"[무박 n일🦉밤샘 방구석 여행🏝][섬] #2 올타임 레전드, 흑산도 | KBS 100117, 100124 방송",4958618
42,충남 태안 1만 5천원 내면 무제한 숯불 바비큐와 14가지 한식 뷔페 아침식사를 제공해주는 망할까봐 걱정되는 밥잘주는 안면도 민박집 펜션,467779
599,尹 부친상 조문 노사연에…개딸들 “제 정신이냐” 공격 | 뉴스TOP 10,464228
15,【무서운이야기 실화】 내가 서해 안면도를 너무 무서워 하는 소름 끼치는 이유ㅣ남자는핑크님 사연ㅣ돌비공포라디오ㅣ괴담ㅣ미스테리 인터뷰ㅣ시청자 사연ㅣ공포툰ㅣ오싹툰,464122
20,[4K]대부도 가볼만한곳8곳! [인스타갬성사진|숨은비경|당일치기여행포함],323645
3,[한국 재발견] 바다와 바람 그리고 사람들이 어울려 만들어낸 태안의 보물들을 찾아 떠나본다 '서해의 보물을 찾아서 - 태안’ (KBS 20111126 방송),212532
6,태안 안면도 1박2일 주말여행 코스 서울근교여행 주말여행지 추천,152642
93,태안은 상상 이상으로 소주 마시기 미친 곳! 1차 2차 그리고 해장까지 완벽 코스!,142587
40,"제가 대신 맛집 찾아놨습니다. [태안-안면도맛집] 가성비 최고!│칼국수,붕장어짜글이,게국지,백반,짜장면,탕수육,갑오징어불고기,간장게장,우럭젓국,마카롱│momogle",113062
116,고추 곁순 관리 방법 태안 안면도 편!! 여기 이농가는 세력을 보고 이렇게 관리합니다!!,112569
598,바람을 피는 사람들의 뇌는 퇴화되어 있다? 정신과 의사가 말하는 도파민 중독 [양브로의 정신세계],101248
17,[태안 가볼만한곳] 힐링여행으로 좋은 태안 추천 여행지6 | 안면도 가볼만한곳 | 태안여행 | 안면도여행,76295
16,"국내여행 태안 안면도 SNS 명소 ,1박2일 코스 모두공개(Taean, Anmyeondo)",73968
22,"[Talk] 충청남도 태안 여행 / 신두리, 안면도, 꽃지해수욕장, 안면암 여행코스, 태안맛집",71102
19,#여행지추천 #보령해저터널원산도 #안병일TV공감플러스,69747
648,(반전신청사연) 연봉1억 의사동서보다 밥숟가락 먼저 들었다며 나를 개패듯 패던 시모 “형님은 정신 차려야 한다니깐?ㅋ” 남편도 내게 이참에 고치라자 불도저로 시댁집 밀어버렸습니다,68251
53,다시 찾아간 해상펜션! 이번엔 제대로 즐기고 왔어요! [서산/안면도 낚시 여행],59222
84,[해루질체험]개조개구멍만 잘 찾는다면 손쉽죠!(안면도덤앤더머펜션)#아름다운청년,56286
628,역대급 대위기 - 모든게 변한다,50777
118,"안면도에 발판 편한 곳에서 워킹 쭈,갑포인트를 발견했습니다~!(그곳에 계신 모든분들이 잡아가는 느나포인트입니다)(대야도 선착장 포인트)",49021
573,"[물건번호2195]태안군 소원면 바닷가 정원예쁜 전원주택입니다, 바닷가 까지 도보 약5~10분이면 갈수 있는 태안전원주택 입니다, 예쁜 잔디밭과 정자 정원수가 잘 어울리는 바닷가",46846
77,태안 여행 가시는 분들 주목!│태안 가볼만한 곳 BEST3│천리포수목원│파도리해식동굴│파도리해수욕장│국내여행│사진찍기 좋은 곳│인생샷│여행하는 마루│노을명소│꽃지해수욕장,43723
489,[갯벌체험]안면도 삼봉앞바다 명주조개 인척하는 피조개(안면도덤앤더머펜션.010-2827-5552)#아름다운청년,40145
2,"[YTN 구석구석 코리아] 서해의 여유를 품은 섬, 안면도 / YTN",39549
574,아늑한 자연속 새집같은 전원주택~ 대지150평 건물 27평 관리상태도 좋다! 그런데 아...;;;,34302
55,"꼭 가봐야 할 행복 태안 5일간 힐링여행, 현지인 추천 BEST 25곳 여행지입니다",34144
577,뙇~ (그란데서프103mh 간단리뷰),31056
107,우리는 여기를 태안의 우유니라고 부르기로 했어요🌅 #태안여행 #국내여행 #shorts,30670
590,너무 잘 지은 단독주택,29856
583,10미터손줄이 짧다는 김규식사장님,28659
78,[해루질체험]안면도바람아래해수욕장 꽃게 출몰이네요.물때맞춰 다시가봐야겠어요(안면도덤앤더머펜션.010-2827-5552)#아름다운청년,25854
7,"태안 안면도 가볼만한 곳 , 신두리해수욕장, 꽃지해수욕장, 나문재, 안면도자연휴양림...... [종구튜브여행]",24526
56,맛이 엄청 좋다는 안면도 최상급 고추 택배 주문 가능,23583
643,이모님이 웍 돌리는 레알 육짬뽕 성지! 탕수육 안팔지만 아침식사 가능한 중식당! 태안 반도식당! (ft.볶음밥) [맛있겠다 Yummy],22645
90,안면도 자연식 좌대 낚시 ! 우럭 손맛 죽이네요! 너무 잡아서 몸살까지..,21860
43,"충남 가볼만한곳 : 20년 지기 절친과 함께한 태안 여행 브이로그 (해수욕장 3곳/로컬맛집/노을맛집/카페/산책 등) 태안 게국지 맛집, 충남여행지 추천",19811
1,태안여행 | 안면도가볼만한곳 | 안면도 BEST7,19506
624,천안고추시장 최고 좋은 고추를 빻아주고 무료택배 써비스까지~,18742
195,꽃과 바다의 만남_호안회 안면도 봄나들이,18537
33,안면도에서 가성비 있게 회를 구입하고 싶다면 여길 방문하세요!!!/단단하고 쫄깃한 식감의 농어회를 저렴하게!!!(2021.02.27.),17331
69,"NO. 70 안면도 해상 펜션 가기 전 꼭 보고 가세요! 낚시정보, 펜션정보 필수영상!",15498
36,안면도여행 | 안면도맛집 | 안면도카페 | 대성식관 | 안면식당 | 안면도 수제빵집 먹빵 | 간월도 카페 드루와 | 오베이커리카페 |안면도가볼만한곳 | 안면도신상카페,15438
30,TRAVEL • 해산물로 배 채우고 온 안면도 1박 2일 여행(게국지/꽃지해수욕장/수산시장/자연휴양림/해물칼국수),15234
61,[vlog] 🇰🇷한국에서 첫 여행ㅣ안면도 태안 아일랜드 리솜 리조트ㅣ27살 어른이들이 여행 가서 노는 법♥️,15146
51,충청남도 태안 안면도! 이색숙소 퍼레이드~ TOP 5,14813
23,"나만 알고 싶은 곳, 충남 태안 ""안면도 수목원"" Trekking~!!",14671
221,"[VLOG] 서산-태안 3박4일 브이로그 🌊 | 파도리해수욕장 | 신두리해안사구 | 해미읍성 | 커피인터뷰 | 너울횟집 | 후회없는 서산 카페, 맛집 총정리",14587
26,"2023 태안 세계튤립꽃 박람회 - 안면도 꽃지해안공원 35,000평에 100여종의 세계 튤립꽃이 활짝 피었습니다 - 해산강트래블(海山江 travel)",14571
159,Vlog | 1박2일 태안여행 브이로그🎡 | 어쩌다 촌캉스 | 태안에 사막이 있네 | 삽교호 | 태안맛집 | 게국지 | 태안카페 | 태안에어비앤비 | 신태루,14499
534,파도치는 해변가엔 대물이 널려있다 #해루질 #안면도 #해변,13907
13,"택시맛객 따라 태안여행-신두리 해안사구, 꽃지해수욕장 가을꽃 박람회, 신진항 오징어, 대하, 붕장어, 꽃게, 파도리해수욕장 해식동굴 [2TV 생생정보] | KBS 220913 방송",12993
395,안면도,12936
618,"지컨님과의합방 기영이치킨,에브리바디 1 2 스위치 230815",12695
189,추우니까 해물 칼국수… 서산 ‘윤경이네’ #태안여행 #안면도 #칼국수맛집,12587
66,"[travel 🇰🇷] 1박 2일 태안여행ㅣ서해 일몰 명소 운여해변ㅣ태안 숙소 추천(하울펜션)ㅣ파도리해수욕장ㅣ태안 카페 추천(멜로우데이즈, 커피인터뷰 파도리)",11972
58,이것 때문에 안면도 해수욕장 앞에 배들이 엄청 모였어요 !!,11809
64,"[무쇠투망 전성권]안면도 태안- 꽃지해수욕장 방포항 바다투망_투망_안면도가볼만한곳,cast a net",11312
29,[태안 안면도 바람아래 해수욕장 해루질] 초보자도 만통한다는 성지!! 해루질 첫입문자 다녀와봤습니다 / 낙지 참소라 개불등.. 출몰지,10570
34,국내여행✨️여행유튜버가 알려주는 충남 태안 숨어있는 여행지 추천 명소,10539
98,서산에 뜨는명소~! 서해에서 가장 맑은 바다ㅣ숨겨진 스노클링 명소 ㅣ충남서산여행 ㅣ서산 꼭 가봐야하는 곳 ㅣSNS인생샷 명소 ㅣ반려견과 떠나는 힐링여행!,10352
54,충남 태안 가볼만 한 곳ㅣ우리나라에 사막🌵이 있었어..?ㅣ이국적인 국내여행지ㅣ노을명소ㅣ태안여행 vlog,10291
60,안면도 아일랜드 리솜의 모든 것 | 오션빌라스 구조 | 조식뷔페 | 가격 | 선셋스파 | 리조트내 식당 | 단락 사진관 |,10139
134,세상에 이런 곳이? 바다에 떠 있는 탑이 있다? 안면도 안면암 부상탑!,8854
37,보령 안면도 1박2일 여행 / 서해 일몰과 일출 동시볼수 있는 곳 / 힐링코스 / 청청호 둘레길 / 안면도여행 /겨울 여행 /꽃지 해수욕장 / 해저터널 / 안면암 /대천해수욕장,8630
47,태안여행 ｜ 안면도 꽃지 해수욕장을 코앞에서! 안면도 아일랜드 리솜 리조트,8217
31,태안여행 ｜ 안면도 꽃지 해수욕장을 코앞에서! 안면도 아일랜드 리솜 리조트,8216
8,안면도 여행 200프로 즐기기♡,7962
25,[안면도 여행 VLOG] 안면도 리솜리조트 2박3일 가족여행 🤍 | 가족 여행 추천 | 태안 안면도 여행 | 바다보면서 맥주마시기 | 선셋스파,7948
14,"""충청남도 태안(안면도) 인생샷 명소 베스트 5 (CNN 선정)",7722
24,호객 행위 일절 없는 안면도 3곳의 수산시장... 회 뜨러 방문 계획이신 분들은 반드시 보세요!!!,7706
165,해산물이 땡기는 밤이네요.. 태안 안면도 맛집 ‘딴뚝통나무집식당’ #태안여행 #안면도 #태안맛집,7430
440,와!~물 빠진 해변에 널렸다고?#해루질,7287
113,[휴양림 리뷰] 안면도자연휴양림 | 스카이워크 | 객실주위환경 살펴보기,7267
92,예약따위 필요없는 캠핑장 | 운여해변캠핑장 | 태안 안면도 캠핑장,6898
226,안면도-🦪백사장항-경매장에서 바로올라온-홍어가격은?,6667
429,서해안 최고 관광 명소 안면도로 가는 최단 코스 보령해저터널 근데 안면도는 원래 섬이 아니었답니다 #shorts 충남 보령 해저터널 1,6638
158,안면도 수영장 있는 예쁜펜션 급매!!,6252
231,안면도 행복한테라스❤맛조개 잡기❤ 홍보 영상❤,6154
27,안면도 인스타감성 카페 뷰맛집 태안에 이런 곳이 있었다니 강력 추천,6152
11,안면도 해루질포인트 공개합니다,6078
62,안면도 해루질포인트 공개합니다,6078
5,제철 생선의 집합소 안면도수산시장 (feat. 입질의추억),5894
35,Vlog. 짧굵 태안&안면도 여행브이로그 🏖 꽃지해수욕장•태안맛집•커피인터뷰파도리•인생버거•바멍 🍸🎧🫧,5833
67,"2023 태안 세계튤립꽃박람회 축제, 4.12~5.7 안면도 꽃지해안공원에서 개최ㅣ코리아플라워파크",5628
542,우럭은 다 좋아해[장마 파란하늘] #안면도배낚시 #안면도좌대낚시,5561
45,안면도 야간해루질 ! 바람터진날 물웅덩이로 꼭 ! 가보세요 !,5510
606,미국주식 3배 레버리지 SOXL -5% 하락에 손절하고 TMF로 갈아탔다가 -8% 하락에 또 손절. 5천만원이 녹아~~,5079
75,모래 열차를 타다!🚃 일몰맛집 안면도 여행기🏖🌊,4998
57,[Travel vlog] 안면도 1박 2일 | 아일랜드 리솜 | 인피니티풀 | 안면도는 대하 | 술먹으러 여행 | 만취 브이로그 | 먹고 놀려고 직장인,4912
456,가을의 별미 3총사~ 안면도 3총사 되시겠습니다. ^)^ 대하+전어+꽃게~~ 까지~! #shorts,4880
292,[해루질체험]안면도앞바다에서 개조개 쉽게 캐는방법소개(안면도덤앤더머펜션.010-2827-5552) #아름다운청년,4408
360,태안 안면도 백사장항 수산시장🐟,4310
48,태안 추천맛집 5곳 엄선해봤다.|충청남도태안군맛집추천 |둥지식당|청학동한식|덕수식당|오뚜기식당|끼웅이네밥집|태안특산물|태안게국지|,4059
554,진정인가요(황영웅) #shorts 원곡가수 김연자 출처 아이넷 TV 안면도 세계 튜울립 박람회,3854
172,안면도 구매항 수진좌대에 가면 제일먼저 반겨주는 개냥이들,3411
642,박스 터지는 시장닭집의 역대급 바삭한 후라이드 치킨! 3대째 태안닭집! [맛있겠다 Yummy],3385
39,안면도 맛집 TOP10,3375
288,안면도 도다리 탐사 #shorts #도다리낚시,3366
147,입질이 예민 해도 피딩 타임엔 꼭 잡을 거야 아직 바다 수온은 그대로~춥지요 겨울우럭낚시 안면도 [자연식 좌대],3322
278,42번 안면도 활꽃게 안녕?! 4인분,3284
450,[해루질체험]아침에 잠깐 동네나가서 소라 데려왔어요..(안면도덤앤더머펜션.010-2827-5552)#아름다운청년,3244
645,캔디품바 포항월포해수욕장 42일째 실시간방송,3033
155,내고향안면도/가수나이영 2020신곡 사진 뮤직영상,2978
441,바보 같지만(임영웅) #shorts 원곡가수(박상철) 안면도 세계 튜울립 박람회,2793
540,초혼 장윤정 #안면도 가는 길,2791
379,#우럭 #자연식좌대 #좌대낚시 #태안 #안면도 #낚시,2750
68,튤립의 바다에서 헤엄치다 - 안면도 세계튤립꽃박람회 -해산강(海山江) travel,2716
506,#안면도 #꽃지해수욕장 다녀왔지 #콜벳C7 #콜벳C8 #corvette,2694
242,[해루질체험]안면도 신야리 박하지가 많이 날라다녀서 수확하듯 집게질만 잘하면 됩니다.(안면도덤앤더머펜션 010-2827-5552)#아름다운청년,2686
616,#안면도#갈매기#부서지는 파도앞에 선 시바짱구의 이상한 행동 #짱포ㅋ😵🤣,2673
510,[면도네집]자기집을 너무 잘지키는 안면도펜션똥개(안면도덤앤더머펜션.010-2827-5552)#shorts#아름다운청년,2620
526,#히트좌대#좌대낚시터#태안#창리포구#안면도,2576
400,공작의날개는 튜울립 #안면도 # 꽃지해수욕장,2573
314,육지에서 섬이 된 안면도의 최고 수혜자는 소나무들 #shorts 안면송 소나무들의 갈라파고스 군도가 된 안면도 충남 보령 해저터널 5,2554
95,안면도 부동산 / 안면도 창기리 아스팔트 포장 도로 변 농막. 주말농장.보트보관소 최적지 !!!,2548
121,안면도체험낚시 황금백호 타고 우럭낚시 다녀왔습니다.,2537
388,#안면도배낚시 #안면도낚시 #우럭댄스 #황금백호,2482
496,안면도 연육교 학꽁치,2451
570,안면도 쭈꾸미낚시! 애기로 우럭을 낚아버리는 그걸님~😆😆😆,2407
230,안면도체험낚시 우럭배낚시,2401
501,[해루질체험]안면도 삼봉해수욕장에 꽃게가 날라다니네요.아쉽지만 금어기 시작이라 가을꽃게를 기다립니다.(안면도덤앤더머펜션.010-2827-5552)#아름다운청년,2388
206,#알쭈꾸미#안면도#구매항#무지개좌대#두족류,2370
255,70세 할머니 광어 다운샷 10마리째 안면도 하늘에펜션,2348
357,#권설경 #사랑아 #안면도축제,2250
73,안면도해수욕장 주먹소라 포인트 따로있어요!!,2219
580,고등어낚시 서해 바다좌대 낚시 (태안군 안면도 구매항),2164
556,#shorts 미친 조과 안면도 떼붕어는 이렇게 잡는 거야 모든 영상에는 포인트가 공개되어있습니다 #민물붕어 #낚시터 #월척 #붕어,2127
339,수원 터미널 용우동# 고향집 안면도로 출발!♡#,2116
327,#안면도배낚시 #안면도낚시 #우럭배낚시 #황금백호 #내일더잘나오길,2112
70,안면도 1박 2일 3분 요약(feat. 아일랜드 리솜 일루글루) 🌅,2111
130,[안면도펜션]불멍은 역시 겨울이 제맛이지!#아름다운청년,2109
304,헛방❣️안면도 꽃지해변🐸20221210 - -,2057
79,안면도 ☆선빵 해루질의 중요성(만통해루질) #해루질,2048
247,바다앞 관광지 안면도 안면암 국내사찰 국내관광지 국내여행 충남가볼만한곳 안면도 볼거리 충남사찰 #shorts,2030
403,🐚쫄깃!달달한~제철 안면도 자연산 참소라 먹방😋GIANT TURBAN SHELL サザエ 栄螺 KOREAN SEAFOOD Real Sound ASMR,2023
4,"[태안 안면도 여행 BEST 10] 태안 안면도 가볼만한곳, 직접 촬영한 영상",1956
148,안면도 바다사랑 낚시 펜션 해주호!! #안면도 #배낚시 # 해주호,1952
88,안면도 4계절수영장이 있는 펜션매매,1921
340,"[shorts] 대하랑꽃게랑인도교, 안면도 인도교, 백사장항_Sia - Unstoppable",1905
338,안면도🦀튀김맛집은? 여기죠! 대하/꽃게/오징어 튀김까지 #안면도 #튀김 #꽃게,1851
170,태안 강아지가 좋아하는 핫플레이스 여행지 안면도 하늘지기 형제들🐾,1822
522,#반채원생일#23.2.4#안면도#게국지#양념게장#간장게장#새우장#해마다 오는 맛집#1차서천#2차대천#3차안면도#우리딸생일축하해#엄마딸로와줘서 고마워#,1818
133,안면도~,1778
38,안면도자연휴양림 | 객실 산책로 단지환경 탐방,1776
110,"(낚시)느나느나 백조기 낚시중 운좋게 ""인생첫돔"" 잡았어요! 안면도 황금백호 오후 시간배 #안면도 #서해낚시 #선상낚시 #백조기 #백조기",1749
46,"[나문재펜션] 안면도 가볼만한 곳, 안면도 최고의 여행지 Namoonjae Pension",1713
256,태안 안면도 아일랜드리솜 가족여행 #아일랜드리솜 #안면도 #태안여행,1704
0,'서해가 한눈에' 충남 안면도에 높이 51m 전망대 개관 [전국네트워크],1704
495,[갯벌체험]명주조개밭.안면도 삼봉해수욕장! (안면도덤앤더머펜션010-2827-5552)#아름다운청년,1678
334,#안면도 #첫사랑그님 #박정현 [인기가요] 첫사랑 그님 /박정현 작사 / 이현준 작곡 / 윤혜란 노래 / 영상편집 서미영♡ (사) 종합 문예 유성 신문 박정현기자,1666
300,안면도“오션뷰+수영장“펜션🏝️ #안면도펜션 #풀빌라 #뷰맛집 #바베큐 #아라가온 #태안여행,1654
365,[갯벌체험]안면도에서 가장 운수나쁜 낙지!미안하다!(안면도덤앤더머펜션010-2827-5552)#아름다운청년,1648
448,안면도 “피아노스파펜션”🎹🎶🛀 #안면도 #펜션 #바베큐 #곱창 #스파 #노을 #샛별해수욕장 #shorts #꽂지해수욕장,1630
474,"[안면도펜션]고객전용 텃밭""말복이농장""말복이가 키우는건 아닙니다.(안면도덤앤더머펜션)#아름다운청년",1601
363,빙글빙글 밥주세요 #shorts #태안 #딴뚝식당 #안면도 #마스크 #양갈래머리 #연예인 #싸인 #99년생,1596
617,주꾸미 금어기 -13 장마철 잘살고 있는지 확인하고 왔어요,1573
333,카시트 처음타고 태안여행해요~👶 #여행 #안면도 #해송향기펜션 #밧개해수욕장 #태안 #육아브이로그 #신생아 #영아 #shorts,1509
560,#부동산 #전원주택 #서해안 #서산 #당진 #태안 #단독주택 #부동산전망 #안면도,1483
12,태안 마검포항 광어 루어낚시 / 루어낚시는 포기하지않으면 무엇이라도 잡는다!! / 미션성공! /,1477
484,태안 마검포항 광어 루어낚시 / 루어낚시는 포기하지않으면 무엇이라도 잡는다!! / 미션성공! /,1475
575,🦐대하 크기 제대로 느껴지죠?-안면도에선 기본이쥬,1465
392,안면도수로 낚시#shorts,1447
354,안면도 수산시장~! 새우~~ 냠냠요정^^,1437
83,안면도 여행시 필수 액티비티! 자연에서 달리는 심장 쫄깃 오프로드 카트! 태안 '꽃지카트장' / travelkorea #shorts,1436
306,안면도 낙지해루질 #shorts #해루질 #낙지,1423
553,#cafe #southkorea #family #원산도 #안면도 #바이더오카페 #bytheOcafe,1405
126,#안면도 꽃지# 나와함께가시렵니까💕,1373
562,#좋타🏖#안면도#shorts,1360
97,옥토원 다육#안면도 백사장#힐링하세요🥰💞,1354
28,"[안면도 백사장항] 태안 안면도 여행, 안면도 가볼만한곳, 꽃게다리, 드르니항",1352
331,소원이는 유투브촬영중ㅣ안면도 해수욕장ㅣ공소원 #Shorts,1343
150,"[shorts] 방포항, 꽃다리, 꽃지해수욕장, 안면도여행, 태안여행_Unstoppable (Sia)",1268
294,안면도 수산 로컬푸드 11시 뷔페 시작,1261
63,[VLOG] 안면도 미로공원에 다녀왔습니다~ 쉽게 생각하면 안됨!,1251
203,"[shorts] 태안세계튤립꽃박람회, 04.12.(수)~05.07.(일), 안면도, 꽃지해수욕장, 2023 KoreaTaean World Tulip Flower Fair,해저터널",1241
161,안면도 ATV 꽃지 레포츠 4륜 오토바이 체험 | 태안에서 아이와 함께 즐길 수 있는 이색 데이트 익사이팅 스포츠 추천,1230
264,내 사랑 안면도 박정현/작사 이현준/작곡 한다원/노래 (인기가요) (안면도 관광노래) 종합 문예 유성 신문 본부장 박정현 기자 #안면도 #인기가요 #안면도관광노래 #시인,1226
120,안면도,1209
52,태안 원산안면대교 안면도 영목항전망대 운여해변 | 태안명소 태안가볼만한곳 태안볼거리 | 드론촬영(Drone shot 4k) Welcome-fly,1196
447,혼자놀기#Shorts#안면도#황영웅ㅡ백년의약속#yeonpa#머리카락바람에주고,1172
59,"(41-0120) 해수욕장 바로 앞, 안면도 계획관리 토지",1171
132,[참돔 타이라바로 바닥에서 잡기] 안면도 대야도항에서 참돔전문배타고 시즌 첫 참돔을 잡았어요.#뉴복성호 #태안참돔낚시,1169
289,안면도 섬#여행#흉가방송#,1165
353,🐾산책이 좋은 안면도 강아지 #실외견 #shorts,1160
32,"태안 안면도 1박 2일 여행 추천 / 태안 가볼만한곳 / 서울 근교여행 / 주말 여행지 추천 / 충청남도 / 일몰 명소, 일몰 맛집 /태안맛집/서해 바다/8, 9월 추천지👍👍👍",1154
250,안면도 바다조과,1153
405,펭토개 안면도 뿌시고 옴🔥,1134
652,"예약 필요 없는 15,000원 캠핑장",1125
370,[안면도여행]그대의 열정만큼 붉은 밧개해변의 일몰!(안면도덤앤더머펜션.010-2827-5552)#아름다운청년,1122
82,안면도 수산시장 해물시세 알아봤습니다.,1117
291,"안면도 꽃지해수욕장 바지락 해루질 영상, 직접잡은 바지락으로 칼국수까지! #안면도 #꽃지해수욕장 #해루질 #바지락 #조개캐기 #바지락칼국수 #칼국수 #낚시유튜브 #낚시유튜버",1116
290,안면도 복음횟집,1113
131,안면도 끝내주는 view에서 아내와 커피한잔,1109
483,"태안게스트하우스, 안면도게스트하우스 가을파티(버스킹)영상",1098
103,태안 안면도 맛집 버스대절 여행 🚍,1092
319,[라펍TV]안면도 갈매기의 1타2피!! / 안면도 백사장방파제 #shorts,1078
414,#shorts #안면도 칼국수#조개캐고#맛있다#친구들과여행,1047
381,[오늘의요리]안면도펜션 한손만 쓴 잡채(안면도덤앤더머펜션.010-2827-5552)#아름다운청년,1012
431,안면도 나문재,1005
178,안면도 가면-🐠물메기가 한마리 만원?-집에서도 먹기 딱!🦀🐠,1000
391,안면도 수산물 경매장에 이런 수산물도 크기가 옴청나네요👍🏻,994
646,꽃밥 드세요.| 인생은 뷰티풀 #김호중 #shorts,986
145,"#안면도,#승언1저수지",971
502,하룻밤 풋사랑(나훈아) #shorts #안면도 세계 꽃 박람회,957
129,안면도 갈때마다 들르게 되는 곳! 충남 가볼만한곳 안면도 볼거리 수목원 안면도여행 #shorts,955
541,[안말복]안면도펜션 시고르자브종 자세 참 죽이네! 개팔자 상팔자 (안면도덤앤더머펜션)#아름다운청년 #shorts,954
565,가수 백송이 고향 안면도 바닷가 특별공연및 엠비션TV 봄맞이 야유회 행사 - 가수 신안산 (바베큐 숮불구이),948
508,문턱을 넘지 못하는 치와와 사랑이 | 안면도 퍼피21애견펜션,934
193,안면도 여행 충남 태안군 안면읍 꽃지해안로 204 아일랜드 리솜리조트앞 해변에서..#안면도 #리솜리조트 #아일랜드리솜 #꽃지해수욕장,919
341,"#고향이좋아(김상진)by윤비스💘안면도 송림수목원,꽃지일몰💘#안면도#꽃지#김상진#추억가요#고향노래#감성가요",891
572,치와와 모녀 | 안면도 퍼피21애견펜션,879
324,"[shorts] 학암포해수욕장, 태안연행, 안면도여행_Unstoppable Sia(시아)",870
268,"[shorts] 서산나폴리펜션, 서산추천펜션, 안면도추천펜션, 커플, 수영장, 오션뷰, 갯벌체험",863
127,#안면도 #꽃지해수욕장 #할미할아비바위,856
166,"(shorts)안면도사랑마을펜션, 안면도펜션, 안면도추천펜션",856
396,#낚시 #루어낚시 #우럭 #자연식좌대 #좌대낚시 #태안 #안면도 #다이와 #핫핫 #대야도 #좌대낚시 #좌대,854
50,소나330 캠핑카 풀활용으로 즐기는 초가성비 안면도 여행!#노지차박#방포수산#길목식당#캠핑카#해수욕장 차박#무료캠핑,846
99,태안TV - 태안 안면도 영목항 전망대,846
96,#홈뜨랑 #충남태안 #안면도 #일몰맛집 #꽃게다리 #백사장항 #드르니항,834
91,이렇게 놀면 퍼팩트~⭐ 안면도여행 코스!!,832
355,피조개 득템!! #해루질 #안면도 #태안여행 #shorts,829
471,2022년 1월 2일 #꽃지해변#안면도,822
243,우리나라에서 6번째로 큰 섬! 이쁜 꽃 축제 명소! 안면도 여행🌸🏖️,814
227,스트릿 키드 (STREET KID) - 안면도,813
177,#국내여행 #홍도 #안면도 #태안 #바다,806
361,보령해저터널&안면대교🌉 #해저터널 #원산안면대교 #안면도가는길 #안면도 #태안 #달려라하니 🏇🏻🏃,803
571,태안 전원주택 700평 바다전망 통창이 철근콘크리트 2층 전원주택 바다전망토지도 분할거래 가능해요 태안 전원주택 2층 소나무가 싸는 지형의 언덕위 전원주택 태안전원주택 서산전원주택,798
514,갯벌장어 맛보는중 #장어 #갯벌장어 #안면도,791
210,태안 안면도 특이하고 이쁜 카페,783
563,[오늘의요리]안면도덤앤더머펜션(010-2827-5552) 직접잡은 봄 낙지로 고마운분들과 한잔합니다#아름다운청년,783
412,안면도세계튤립축제 당진북창초등학교18회소풍 林 수풀림푸른숲,756
312,안면대교#보령#안면도#원산도,756
168,안면도 바다사랑 낚시 펜션 해주2호!! #배낚시 #안면도 #안면도펜션,750
44,"충남 태안 안면도 🦀수산시장🐟 둘러보기/Visited Anmyeondo Fish Market in Taean-gun, South Korea",743
122,#안면도 #대하 #새우장,742
516,[해루질펜션]안면도덤앤더머펜션(010-2827-5552) 봄 낙지철이 돌아왔습니다..이참에 몸보신 좀 해야겠어요#아름다운청년,741
41,안면도에 괜찮은 카페 어디있지 🤨? 인생샷 찍기좋은 카페 모음 📷 / 안면도 현지인 추천 카페 ☕️,738
569,[갯벌체험]안면도덤앤더머펜션(010-2827-5552)자급자족! 조개넣고 된장찌게나 끊여야겠네!#펜션운영브이로그#해루질#아름다운청년,736
310,#여기는 #백신접종 #안면도,734
162,"[shorts] 방포항_꽃다리, 꽃지해수욕장, 안면도여행_Unstoppable (Sia)",724
411,[해루질체험]안면도 신야리바닷가 막잡히는 자연산 박하지&해삼.바다로 나가봅시다(안면도덤앤더머펜션.010-2827-5552)#아름다운청년,713
213,서해안면도쭈꾸미낚시/오천항X / 주꾸미 낚시 첫 출조!! / 가을엔 쭈꾸미 /강한 바람에도 이렇게나 많이?? / 주꾸미먹방!! / 선녀피싱 / 태안쭈꾸미낚시 [문라이어티캠낚TV ],710
350,태안 안면도 몽산포 #shorts,704
359,안면도아일랜드리솜리조트에서 바라본 아침바다 풍경♡#shorts,703
415,[이벤트]그냥 심심해서 하는 50%할인이벤트(안면도덤앤더머펜션)#아름다운청년,702
265,[안면도여행]봄바람부는 화창한날 조용한 황포해변.(안면도덤앤더머펜션.010-2827-5552)#아름다운청년,701
568,#안면도 #우럭낚시 #좌대낚시#무지개좌대,701
272,안면도바다좌대낚시 에기에 나온 낚지 2022년 11월 17일,685
335,[안면도펜션]수족관을 이전설치하였어요..해루질다니며 같이 드실 해산물 많이 잡아보겠습니다.(안면도덤앤더머펜션)#아름다운청년#해루질,674
387,#태안안면도#코스모스#shorts,664
153,[안면도펜션]2023년 수영장 개장합니다.즐거운여행이되시도록(안면도덤앤더머펜션)#아름다운청년,664
547,안면도 공룡 박물관#로보트타기,655
179,"#shorts 나폴리펜션, 서산푸천펜션, 안면도추천펜션",654
21,"낮과 밤 모두 즐길 거리, 태안 안면도를 가다! @ㅣ생방송 투데이(Live Today)ㅣSBS Story",654
156,안면도 갈때마다 들르게 되는 곳! 충남 가볼만한곳 안면도 수목원 안면도여행 #shorts,648
517,초혼 장윤정 #안면도 가는 길,637
111,#안면도해수욕장 #노을멋진곳 #대천어항,629
443,태안 안면도 좌대 낚시!! 😍😍 힐링 제대로 되네요!!😃😃 #Shorts,621
369,하늘지기애견펜션 #태안 #안면도 🐾12살 강아지 형제,617
452,안면도 꽃 박람회~ #봄 #수국 #안면도 #shorts,616
299,[해루질]쭈꾸미의 생존방법.숨으면 절대찾을수없어요(안면도덤앤더머펜션)#아름다운청년,604
555,[낚시] 생새우 외수질낚시 이틀조행기. #안면도 #영목항 #낚시여행 #shorts,603
460,안면도에서 만난 신박한 아이템🚛-바다의 허수아비,602
478,안면도..마검포 해수욕장,602
283,안면도 구매항 우럭 좌대낚시 2022년 첫낚시,599
9,서해 태안에 오징어가 제철이라 어어니와 다녀왔습니다.,596
437,안면도 어느 오토캠핑장에서...,595
186,[오늘의요리]안면도펜션 정성가득 담은 아구찜(안면도덤앤더머펜션.010-2827-5552)#펜션운영브이로그#아름다운청년,595
511,#구매항낚시 #서해낚시 #안면도낚시 #좌대낚시 #구매항좌대 #안면도좌대 #선상낚시,585
270,안면도 대숙 채취과정 구매링크는 댓글에!!,585
399,#안면도 #나문재펜션 #나문재까페,582
425,안면도 주꾸미 갑오징어 워킹 애매한 조과 #안면도 #주꾸미 #갑오징어 #쭈갑낚시 #에깅,581
613,💥💥💥이렇게 큰 해삼은 첨봐💥💥💥소라도잡고!가리비도잡고!#안면행복낚시마트 #안면도 #태안 #해루질,577
241,#안면암 #안면도 #태안 #사모 #황영웅,576
237,태안 안면도 아일랜드 리솜 룸서비스 퓨그릴 씨스트로,563
80,안면도 꽃지해수욕장 5.15.,557
434,"안면도여행-안면암, 개국지, 대하랑꽃게랑해상교",556
523,안면도 꽂지해수욕장에서 dji mini3 pro 촬영~!!,551
518,[오늘의요리]말복날을 맞이하여 펜션에 오신 모든손님들과 함께 삼계탕을 먹습니다..(안면도덤앤더머펜션)#아름다운청년,547
552,"🇰🇷서해안 안면도, 바다 생선 조기 손질 Anmyeondo Island of Korea, 조기 croaker, yellow corbina[corvina] #BTS Nation 5",546
493,[해루질펜션]안면도덤앤더머펜션(010-2827-5552)직접잡은 해산물수족관 현재상황!선착순입니다.#아름다운청년,539
219,"서해랑 길, #안면도 꽃지 해수욕장",532
313,#안면도,529
362,안면도맛집 이런 곳이 있네요 ㅎㅎ,529
198,[안면도여행]안면도 삼봉해변 인생샷명소 갱지동굴(안면도덤앤더머펜션.010-2827-5552)#shorts#아름다운청년,526
261,[안면도여행]잘 알려지지않은 고즈넉한 안면도 장삼포해변(안면도덤앤더머펜션.010-2827-5552)#아름다운청년,525
202,"#shorts 원산안면대교, 보령해저터널, 영목항, 효자도, 안면도여행",524
626,1탄)안면도!!그곳은 광어밭이였다!!잡어도천국!!어복터진날!!!,520
322,안면도 해상팬션올때 잘 챙깁시다...,515
330,보령해저터널 지나 안면도해수욕장 겨울바다풍경 #shorts,513
266,[안면도숙소 : 안면도펜션] 달이 머무는 바다에서 오션뷰와 함께 힐링을⌯'▾'⌯,511
504,봉구와 함께 하는 꽃게탕♡(강아지방이 따로 있는 안면도해비알꽃게),510
284,🌷오색칼라튤립꽃길🌷태안세계튤립꽃박람회 안면도 꽃지공원/,503
201,"[shorts] 노을빛바다, 바다정원펜션 바다동, 서산펜션, 안면도펜션, 서산추천펜션",500
224,"안면도 “CAFE 858""🧇☕️ #안면도카페 #카페 #858 #와플 #맛집 #뷰맛집",497
539,[해루질체험]소라 쉽게줍는법.발로도 잡는답니다.(안면도덤앤더머펜션.010-2827-5552)#아름다운청년,492
285,안면도 꽃지해수욕장 #갈매기는 새우깡을 좋아해,491
190,"(shorts)어은돌리솜펜션, 안면도펜션, 태안펜션, 안면도추천펜션",482
109,[오늘의요리]안면도낚시! 바다가주신 풍요로움에 감사하며 잘먹겠습니다.(안면도덤앤더머펜션.010-2827-5552)#아름다운청년,480
211,[안면도여행]안면도덤앤더머펜션(010-2827-5552)의초보 어업인의 백사장항 낚시#펜션운영브이로그#아름다운청년,476
106,(낚시)안면도 오뚜기 좌대 영상입니다. #좌대낚시 #좌대 오뚜기좌대 #서해낚시,470
505,닻별가 (박서진)#shorts #안면도 세계 꽃 박람회,464
207,#꽃지해수욕장 #안면도,460
564,안면도웨스턴백사장오토캠핑장,451
218,"[shorts] 어은돌조약돌펜션, 태안추천펜션, 안면도추천펜션, 어은돌해수욕장",450
498,안면도 튤립축제,443
347,안면도 백사장 질주본능 #안면도ATV #꽃지레포츠 #태안여행 #shorts #아이브 #아이엠,439
181,#안면도 #삼봉해수욕장,433
529,안면도 퍼피21 애견펜션,433
480,#안면도즉석김#송화소금#안면도먹거리#구이김#김맛집#12봉3만원#24봉6만원무배,431
251,#가수현우 #처음처럼 #안면도수산물축제,429
320,#안면도 #꽃지해수욕장 #희자매,418
301,사람살려주세요!! #안면도#꽃지해수욕장#밀물#사람#물조심#서해바다#캠핑,416
188,태안 강아지가 좋아하는 단골여행지 🐾 안면도 하늘지기애견펜션 최애 오두막집,412
382,고향 안면도에 오면 늘 푸근하고 힘을 얻어갑니다.,408
204,안면도 광어 우럭 다운샷 ~출조!! 다운샷으로 다잡아 낚시~잡다 지치면 철수하는겨~더 잡으면 손질지옥 경험하게됨~ㅋ,401
119,#멍상의 시간 #바다멍 #안면도 #꽃지해수욕장 #wave #shorts,400
462,#태안꽃게 #안면도꽃게 #간장게장 #가수신나특공대 #집합,399
427,#안면도#꽃지해수욕장#동죽#동죽밭#이런광경#처음#리솜리조트#겨울여행#시부모님과여행중,399
408,#안면도 #가수현우 #김떡순,395
94,2023 태안 튤립축제.안면도 꽃지해수욕장 튤립축제,393
410,갑오징어 라면 안면도,390
528,백사장항#안면도#정박#유익,390
223,[안면도여행]안면도 플라워파크 튤립축제(안면도덤앤더머펜션.010-2827-5552)#아름다운청년,390
420,#안면도#우럭낚시#좌대낚시#구매항#무지개좌대#쇄골골절,390
76,[안면도여행]읍네가는길에 차한잔.밧개해변 PM:VIEW(안면도덤앤더머펜션)#아름다운청년,380
512,"안면도 서해 자연산-암,수 대하🦐",379
546,세계에서 가장 큰 개/안면도 튜울립꽃박람회,378
507,중매인 양도현의 섹스폰 #양도현 #섹스폰 #안면도 #수산시장 #양도현중매인#,377
232,[안면도여행]태안 세계튤립꽃 박람회 남미인디언공연(안면도덤앤더머펜션.010-2827-5552)#아름다운청년,376
524,"🇰🇷서해안 안면도, 바다 생선 조기 손질 Anmyeondo Island of Korea, 조기 croaker, yellow corbina[corvina] #BTS Nation 6e",370
305,안면도 소나무와 산수국 Happy time,366
358,안면도 꽂지해수욕장 튤립축제,364
176,#안면도오션캐슬까페 #오션뷰 #방포회타운한상차림#맛스러움#해삼내장 #와다 실컷먹을수있는곳,362
143,안면도 꽃지해수욕장 할미할아비바위 리뷰,360
138,안면도 여행 안면도 영목항 전망대 드디어 개관 🥳🥳🥳 태안여행 여기부터 시작하시거나 마무리 하시면 됩니다! #안면도전망대 #영목항전망대 #태안여행 #안면도여행 #멜로우데이즈,360
249,안면도여행 꽃지해수욕장 해변걷기,359
112,"2023 태안 세계 튤립축제, 안면도 꽃지 해수욕장",359
262,안면도 우럭배낚시 황금백호 타고 4시간 오전체험배낚시,358
418,[안말복]안면도펜션 세상 부러울것 없는 재벌집 막네아들 수준의 삶을 사는 시골똥개(안면도덤앤더머펜션.010-2827-5552)#아름다운청년,356
199,"[안면도빵집]안면도에서 빵과 커피가 땡길때 백사장항""SO CAFE""강추!강추!가성비 최고예요(안면도덤앤더머펜션.010-2827-5552)#아름다운청년",356
634,나쁘게 살자!,356
426,#안면도나문재,355
157,"(토지206) 안면도바닷가옆토지, 태안안면도소재, 1,931(538), 투자용 으로 추천",350
315,#서산#안면도#태안#해변길#바다#힐링#걷기#운동#바람#시원한공기,344
200,#태안 #안면도#꾳지해변 튤립축제,343
318,안면도에서 ... #안면도 #꽃지해변 #방포해변 #제이세라 #가슴으로운다#하양이 #민트,341
146,#안면도 영목항 전망대#새날누리,340
137,"[안면도펜션]태안자염이 들어간 안면도명물 단짠단짠""안면도 대하소금초콜릿""(안면도덤앤더머펜션.010-2827-5552)#아름다운청년",338
367,#안면도#동죽#조개잡기,336
444,#안면도#해변길##4코스#솔모래길#바다#해변#모래#힐링#맑은공기#바람#소나무#걷기#운동#다이어트,327
128,멋지다 !! 바닷가 국내사찰 태안여행 안면도 안면암 Korean temple 국내여행 #shorts,324
171,해주호 낚시 조황!!! #배낚시 #안면도 #안면도펜션 #안면도여행,318
527,#안면도#나문재팬션#숙박#일출#일몰#꽃지#힐링,316
372,벽난로펜션 안면도펜션 비포선셋펜션,313
105,태안반도에 동시다발 태양광 신청..쪼개기 의혹도｜ TJB 대전·세종·충남뉴스,312
337,[안면도맛집]지극히 주관적인 내돈내산 안면도3대 짬뽕맛집(안면도덤앤더머펜션.010-2827-5552)#아름다운청년,312
234,태안 안면도 꽃게다리 드론영상,309
298,🦐안면도 자연산 대하🦐콜라🥤페트병 길이정도 기본아냐?🐶 #대하 #수산물 #안면도,308
397,"안면도게스트하우스, 안면도펜션 낭만 불멍 스팟",305
644,아빠랑 놀러와서 좋은 수아♡ #딸바보가되는이유 #9개월아기 #안면도 #1박2일여행,302
117,안면도바다앞 #shorts,301
550,안면도와 보령을 연결하는 원산 안면 대교,298
101,#안면도 #꽃지해수욕장,298
380,[안면도펜션]안면읍 행복기부 명예의 전당 헌액! 202번째 기부자!(안면도덤앤더머펜션)#아름다운청년,288
149,안면도 백사장항에서 잡아올린🦀봄철 암꽃게로 만든-간장게장은 다르네,286
436,#shots 태안코리아플라워꽃축제#안면도꽃축제#꽃길#분수#작품#꽃,285
567,안면도 수국축제 50대도 순수할 수 있다. #shortsㆍ,285
579,[해루질]안면도앞바다에 아직크지않은 꽁치가 너무 많네요.이제 곧 먼바다로 나가겠지요(안면도덤앤더머펜션)#아름다운청년,284
239,#안면도 #안면도시인 #첫사랑그님 [인기가요] 첫사랑 그님 /박정현 작사 / 이현준 작곡 / 윤혜란 노래,283
173,"[shorts] 나리와꽃창포, 태안펜션, 안면도펜션, 청포대펜션, 태안추천펜션",282
87,[안면도여행]안면도 가볼만한곳!안면암&부상탑.안가보면 100%후회!(안면도덤앤더머펜션.010-2827-5552)#아름다운청년,280
432,#샛별해수욕장#안면도#낙조#일몰,279
125,#꽃지해수욕장 #태안가볼만한곳 #태안여행 #안면도가볼먀한곳 #안면도여행 #일몰명소,278
536,#혼여 #djimini3pro #dji미니3프로 #드론항공샷 #안면도 #꽃지해수욕장 #할미할아비바위 #shorts,277
348,230203 우리가족 1박2일안면도 여행💕,276
377,굴이 쏴라있네~~#안면도#영목항#궅밭#갯벌체험#갯벌놀이#서해바다#캠핑중#차박캠핑,275
549,돈까스 맛없으면 환불(연돈 앞 맛 테스트 결과) 태안카페 안면도맛집 모켄뮤지엄카페,272
287,[안면도여행]태안8경 꽃지해변의밤 일루미네이션(안면도덤앤더머펜션.010-2827-5552) #아름다운청년 #shorts,271
494,아이들과 안면도 여행의 추억_그대라는 사치,266
114,#안면도 #6살4살,266
458,#안면도#좌대낚시#우럭낚시#무지개좌대,262
622,서해 오션뷰 5만원 오토 캠핑장 선재오토캠핑장 민자씨 첫번째 이야기 #01,257
467,[오늘의요리]직접 잡아 더맛있는 개조개치즈구이(안면도덤앤더머펜션.010-2827-5552)#아름다운청년,257
394,아일랜드 리솜 #태안 #안면도 #shorts,254
185,꽃구경 안면도 수목원 너무 좋아~ 국내여행 충남 가볼만한 곳 안면도 여행 #shorts,251
280,안면도 꽂지해수욕장🏝️ #안면도 #꽂지해수욕장 #할미바위 #해안공원 #아일랜드리솜 #방포항,246
135,#배낚시 #안면도 #안면도펜션 #안면도여행 #해주호 #안면도바다사랑 #안면도낚시 #안면도배낚시 #안면도바다낚시 해주호!!!! 배낚시,245
104,[바다여행] 안면도 백사장항 | 대전MBC 리나의 바다로 한 뼘 더,242
492,시사이 안면도 꽃박람회 공연,241
212,안면도 꽃지해수욕장 할미바위 할배바위,240
530,안면도 나문재 카페 #ABO정모 #차와디저트 #꽃길 #바다 # 산책,239
532,[이벤트]안면도덤앤더머펜션(010-2827-5552)저녁물때 좋아서(여섯물)하는 50%할인이벤트#아름다운청년,238
293,안면도 노지캠핑 2박3일시작,238
438,"[여행하는 혜자매] 꽃지해수욕장, 안면도, 모래사장, 바다소리, 봄바다, 바람소리, 자연...2022",234
366,#Shorts안면도 갈매기 쌀밥을 좋아해,233
576,조개가 비싼이유 ...안면도 갯벌체험🐚🐚#갯벌 #갯벌체험 #안면도 #안면도여행 #안면도맛집 #안면도갯벌체험 #태안여행 #태안갯벌체험 #태안맛집 #shell,231
519,아버님 어머님 모시고 안면도 #리솜 리조트&선셋스파눈이 계속 펑펑 내리고~~#석양도 굳이고 #겨울왕국이네..눈이 호강~~ 아무생각없이 잠시 멍~~🙂#리솜리조트#겨울왕국#석양#안면도,230
222,안면도 자연휴양림...,224
482,#안면도 #장민호#풍악을올려라,214
371,#신안_안면도 #튤립축제 #대광해수욕장 #깡통열차,214
544,안면도 수목원,211
260,#꽃지레포츠 #안면도여행 #안면도 #ATV #산악오토바이 #꿀잼,208
533,잉어밥주기💜#안면도#가족여행#차박여행#캠핑,206
254,"[shorts] 청포대해수욕장, 안면도여행, 태안여행, 태안추천여행_STAY (The Kid LAROI, Justin Bieber)",205
473,☀️해야해야🌞 #안면도 #노을 #샛별해수욕장 #해야 🌅 #shorts,204
303,안면도 꽃지해수욕장,204
307,안면도 바다,202
309,☆리즈지점 Re' 미☆ 안면도여행 둘째날 #날씨가미쳤어요#리즈지점 #안면도여행 #1박2일여행 #워크샵 #게국지 #꽃지해수욕장 #밧개해수욕장,201
454,#안면도#바다,199
509,일어나 안면도 시더스가맹점 아침일출,198
136,태안 안면도 백사장항 꽃게다리 가보시길~~,197
167,"[shorts] 나리와꽃창포, 안면도펜션, 태안펜션, 태안추천펜션",197
485,#대한회센터 #새우튀김 #오징어튀김 #안면도 #안면도여행,196
296,안면도 갯벌체험펜션❤명주조개❤조과 후기!!,193
217,#태안#해변길#다이어트#걷기#힐링#안면도#즐기기,193
74,UHD 갈매기도찾는 안면도근접 노지 소류지 휴가 짬낚 장소 NEXT LIVE 좋은방송 DH TV 제작 구독 좋아요,192
317,태안 안면도 동죽,191
591,아시아 pro 장어낚시. asia pro tv. 서산 태안 안면도 장어포인트 소개. eel fishing,190
281,안면도꽃지해수욕장,189
10,2023년 8월 21일 안면도 꽃게 스킨 해루질 서해,189
253,우리만의 추억남기기♡ #안면도 #안면도여행 #vllo #커플 #추억,183
385,안면도 방포해수욕장 노을진바다펜션,181
144,"23년도 사나이들의 우정여행, 안면도 1탄",177
469,겨울바다1(안면도-꽃지해변),176
329,리즈지점☆산타LC☆ 열심히 일한자 안면도로 떠나라!! #워크샵 #리즈지점 #안면도여행 #1박2일여행 #풀빌라,174
513,이화여고생.안면도봉사활동,173
561,SUNNY(임영웅)#shorts원곡가수(Boney M) #사랑의 콜센타 안면도 세계 튜울립 박람회,170
271,팜카밀레 튤립정원 #tulip #안면도여행 #태안여행 #팜카밀레 #gardening,169
428,[22.11.2] 안면도 황금백호 오후반 쭈꾸미 낚시 #쭈꾸미낚시 #낚시 #shorts,169
71,안면도 맛집에서 인기메뉴는?,168
398,#힐링여행 #안면도 #꽃지해수욕장 #NASA ㅋ,167
459,조개 진짜 많아요! #해루질 #해루질포인트 #안면도 #shorts,165
152,안면도 깡통열차 타기!충남 태안군 안면읍 꽃지해안로 204 아일랜드 리솜리조트앞 해변에서..#안면도 #깡통열차 #리솜리조트 #아일랜드리솜 #꽃지해수욕장,161
332,바다와 하늘이 너무 이뻐요 #shorts #안면도,161
308,국내 최대 규모 신두리해안사구 푸르른 곰솔림에서 바라보는 보석처럼 반짝이는 바다 태안해변길 바라길 태안해안국립공원 섬 바다 스탬프투어 National Park Stamp Tour,161
214,"(shorts) ""안면도 꽃지"" 2023 태안 세계튤립꽃박람회 (04.12~05.07)",159
182,🏖안면도 ATV&카트체험장-꽂지해수욕장 #안면도가볼만한곳 #fyp,159
451,안면도 꽃지해수욕장/김원중/바위섬,158
497,#아디아디챌린지#안면도영목항#ㅋㅋ,157
500,#안면도는졸리다! #조용히않해?! #안면도덤앤더머펜션 안면도군,156
295,"🇰🇷한국 서해안 안면도, 연육교식당 황태해장국 8,000원 생맥주 4,000원, 서해안 바닷가 드론 촬영 전문가 올림 팬션 원래 70,000원 깎아 주셔서 45,000원 5",155
345,안면도~,153
275,세월아 네월아~ #shorts #커플브이로그 #태안 #안면도,152
151,"충남 애견동반 여행(예산,안면도)",152
558,쿠키TV | 안면도여행 | 폭스테리어 | 빗속에서 신난 댕댕이 | 비+잔디=쿠레이지력 대상승 🤣|,151
356,꽃게탕끓여맛보세요 #안면도 #꽃게탕 #꽃게 #shorts,151
192,바닷길 in 태안 #안면암 #안면도 #태안여행 #풍경 #temple #바다소리 #파도소리,151
607,안면도 수미정(본점) 게국지 2인세트 너무 비쌈..5만원 정도면 적당할듯..,151
488,#안면도 스쿨버스 캠핑장,151
401,꽃지의 파도 #꽃지해수욕장 #안면도 #꽃지,150
466,[안면도펜션]눈이 또 많이 왔어요!雪がまたたくさん降りました。(안면도덤앤더머펜션.010-2827-5552) #shorts#아름다운청년,146
389,#vita #꽃지 #태안여행 #안면도 #조개구이 #한글날,145
623,2편))))9개월아기(수아)랑 안면도여행중..(맘 아팠던 사연..인터뷰..),144
386,이번주는 태안으로 떠나자 #안면도 #태안 #캠핑,144
476,"짱봉킹봉 여행 기록🚗(안면도,강릉)",143
169,[안면도여행]노을이 아름다운 장삼포앞바다(안면도덤앤더머펜션.010-2827-5552)#아름다운청년,142
383,안면도 겨울여행#shorts,139
593,1편)))))9개월아기 수아랑 1박2일 안면도여행 가면 생기는 일.... 찐 리얼육아,137
72,[vlog] 태안 안면도 1박2일 브이로그 (피엠뷰 카페 |방포항 주변 펜션 추천 | 승진횟집 | 전라도밥상 밥도둑|고추장삼겹살),136
453,"태안게스트하우스, 안면도게스트하우스 할로윈파티 GoGo",135
267,내가 사랑한 안면도 바다,135
600,#캠핑천국/차박의 생활화/안면도 꽃지해수욕장 & 방포항 차박 즐기기 #차박 #캠핑 #황영웅 #안면도 #서해안여행 #shorts,135
257,@(안면도 가족여행) 보령해저터널을 지나다,134
273,"안면도여행,,,,",134
422,일출#안면도#shorts,134
216,#번개불 확실히 본적있으세요? 밤바다위 번개불빛이! 안면도,133
142,🥳6월 1일에 개장했습니다 :) #영목항전망대 #안면도랜드마크 #안면도전망대 #태안여행 #안면도카페,131
390,안면도 꽃지해수욕장/이광조/나들이,130
531,치빠치빠 #해루질 #안면도 #shorts,128
183,태안가볼만한곳 안면도해수욕장 근처 초호화 풀빌라펜션추천 모켄리조트 입니다^^,127
407,안면도 튤립축제,127
423,안면도가볼만한곳 석양이 아름답고 천국의계단이있는 모켄리조트 뮤지엄카페,127
233,팜카밀레 봄 전경 #팜카밀레 #안면도여행 #태안여행 #gardening #,122
248,#국내여행 #황도 #안면도 #태안 #바다,120
608,태안 “ 공원회관 ” 생삼겹살 맛집 원북면 여행중 찾은 숨은맛집 ! 여지친구가 좋아하네요~,120
282,happyhalloween 안면도펜션 할로윈포토존 안면도여행 캠핑스토리 서해펜션,119
269,안면도 꽃 축제전시장! 예쁜 꽃도보고 시원한 바다도 보고~ 연휴동안 꼭 가보세요^^,119
123,유유자적 충청도 힐링여행 안면도 둘러보기 【충청도1】,117
559,안면도 백사장항 꽃게다리 #안면도#서해#대하,116
551,#shorts 클래식과 함께 명화 감상~ | 안면도 오마이갤러리 반고흐 뮤지엄 | Van Gogh Museum,115
85,안면도가볼만한곳 !! 안면도여행코스 중 꼭 들러야 할 태안펜션 !!,112
543,슈퍼안산참깨 노지파종 #안면도 #꽃지 #파종기,108
191,안면도 가는길 “소나무 길”,107
140,@jjangnammae [짱남매] 짱남매의 슬기로운 여름생활!! (안면도 카트체험장&샛별해수욕장). 과연 어떤 일들이 기다리고 있을지 얼른 함께 보러가요 ^^,105
374,이건 아주 막 콱 그냥 소주가 들어가지. #태안 #안면도 #우럭젓국 #우럭,105
384,쌍걸이 파도타기#다운샷 #마검포 #선상낚시 #안면도 #갑오징어 #타이라바 #쭈꾸미 #태안 #외수질 #다잡아 #고고피싱 #고고피싱호,105
328,이팔청춘으로 돌아간듯😅😅😅. #나이는잊어라#안면도 #꽃지해수욕장 #인생여행 #바디디자이너_지원,105
323,안면도 꽃지해수욕장,104
352,안면도 드르니항 꽃게다리 야경 KOREAN FOOD,104
351,안면도꽃지해수욕장ㅋ,104
463,태안 “ 청솔콘도형민박 ” 태안펜션 태안숙소 태안민박 청포대해수욕장 인근 민박숙소 청결하네요~,102
477,안면도 꽃지해수욕장/할매바위와 할배바위,102
404,#서해안#안면도#솔모랫길#트레킹#몽산포#드로니항#걷기#건강지키기#20230205,101
651,"대한민국 충남 태안의 8월 아침바다 항공영상 편안한 음악 4k 바다영상 the morning sea of Taean, South Korea (Aviation Video)",101
225,[Shorts] 태안 안면도 꽃지해수욕장,101
246,해루질 노동요 ㅋㅋㅋ #해루질 #안면도 #꽃지해수욕장 #shorts #쇼츠,100
479,겨울바다2(안면도-꽃지해변의 선셋),100
604,카페아일/안면도 꽃지 해수욕장,99
196,가족여행 안면도수목원,97
487,안면도 튤립축제#shorts,97
406,안면도,95
653,얼굴 표정 하나 안바뀌고 춤 챌린지 댄스 포기하고 막춤ㅋㅋㅋ #shorts,94
461,#무서운파도 #안면도 #꽃지해수욕장 #shorts,94
316,백합 사냥중인 안면도 꽃지해수욕장의 갈메기,93
252,안면도 수목원 전망대에서 바라본 풍경,90
490,안면도 아일랜드 리솜 리조트 오락실에서 물총쏘기 시합! 헝아는 이길꺼야~ㅋ,90
174,"anmyeondo Kkotji Beach Sunset , 안면도 꽃지해변 일몰",89
89,안면도 영목항 전망대ㅣ원산안면대교 DRONE MOVIE 4K,89
557,안면도에서 크록하추기,88
625,봉식이랑 태안애견풀빌라 알로하오에 #baby #dog 강아지펜션 강아지풀빌라 안면도,88
342,[안면도]해산물이 풍부한 안면도! 벗이 있어 행복한 곳!,88
108,#충남태안 #안면도 #꽃지해수욕장 #할미할배바위 #서해안차박투어 #지프랭글러,87
486,그까이꺼 안면도에서 패션쇼 초대박 (자연과 사람과 작품이 하나 ♡),86
205,태안안면도 애견펜션추천지 #하늘지기 잔디운동장에서 뛰놀고 여름휴가 강아지형제 달콤한 단체 낮잠속으로,85
455,바닷가로! #연안부두#안면도#최hs#,85
417,꽃이 많네 🌸 코리아 플라워 파크4!!!!추천:안면도 꽃지 해수욕장 앞,84
649,유튜브 누구나 할수있지않을까 유튜브 시작한지 약 4주만에 5천회 찍은 영상 있는 비결(최근 하루 평균 1천회 넘는거 같음)(알고나면 허무함ㅋㅋ),83
325,안면도 일몰 #안면도 #서해일몰,82
619,2023.08.19. 꽃지의 마지막 해수욕장을 실방했다 #안면도 #시인 #꽃지해수욕장,81
209,안면도 개와 함께 산책을,81
620,"안면도의 부속 섬 황도의 전원주택지, 태안부동산, 안면도부동산, 태안토지,",80
587,[안면도펜션]동력수상레저기구 배 조종면허취득..이제 배만사면됩니다(안면도덤앤더머펜션)#아름다운청년,79
86,안면도 대형카페[트레블브레이크커피],79
115,안면도 튤립축제 다녀왔습니다.,75
311,안면도 꽂지해수욕장,75
302,태안 안면도 강아지형제 #여름휴가 #하늘지기애견펜션 잔디깍는날,75
240,붉은노을... #travel #캠핑 #여행 #꽂지#태안 #안면도 #차박 #석양 #노을 #sunset #바다 #sea,74
65,[vlog] 쀼 세계 안면도 여행 브이로그,73
139,안면도 수목원의 봄나들이,72
160,안면도,72
175,안면도와 홍성 여행 시 자주 가는 명품 한우 전문점 #꽃잎이 지기 전에_첸CHEN,71
49,[Vlog.]안면도 브이로그ㅣ샛별해수욕장 ㅣ게국지 ㅣ드론영상ㅣ커플여행 ㅣ7월 여행지 추천,70
236,"울지 않는 매미, 폭염이 왔는데..내가 왔다고 안 우니. 울어라, 마음껏 여름에는 그래야 후회 안할거 아니니..",70
647,패밀리가 떴다🔥 배 꼽 잡아..!!! 물에 뿔어서 터질때까지 놀자!! 3대 열정 패밀리ep1 |#퍼프대디챌린지 #열정 #vlog |,69
421,안면도 꽃지해수욕장 할매바위와 할배바위,68
439,#아일랜드리솜 #꽃지해수욕장 #안면도,67
445,#태안#안면도#운여해변일몰#shorts,67
641,My Drive Trip #4 한적한 시골 도로 드라이브 / #행복 #드라이브영상 #주행,66
378,안면도 웨스턴백사장 오토캠핑장 썸머페스티벌~,65
468,"(생후23개월) 엄마,아빠와 안면도 여행(아일랜드 리솜)👨‍👩‍👧",65
259,봄 추천여행지 안면도 꽃지 드론뷰,64
621,"섬 속의 섬 황도의 대형 펜션부지, 태안부동산, 안면도부동산, 태안토지",64
472,임영웅 인생찬가 #안면도 가는 길,62
614,"안면도의 시원하고 통쾌한 밭, 태안부동산, 안면도부동산,",61
163,안면도 꽃지해수욕장 | 안면도 해변,61
375,#안면도#해루질#키조개#갑오징어낚시 #문어낚시 #쭈꾸미낚시 #생활낚시 #원산도 #,61
244,안면도여행 캠핑스토리 오늘도 예쁨,60
286,즐거운나들이 #안면도#제주도#북한산,58
464,바람아래해수욕장 가는길#바람아래해수욕장#안면도#라이딩#영목항#영목항전망대,58
630,8K 주행영상 보령해저터널 DRIVING UNDERSEA TUNNEL IN KOREA ROAD ASMR,58
220,#서해여행 #태안 #안면도 #꽃게다리2#푸른하늘 [st.6],57
582,"🏖""1박 2일"" 태안 안면도 여행 VLOG🌊",56
180,🌷2023 태안 안면도 세계 튤립 축제 안면도 꽃박람회 #shots #jimin #likecrazy,56
475,[Break Time] 게싸움 #shorts #안면도 #싸움 #외발게 #여행 #가을 #가을여행,56
503,봄ㆍ안면도 꽂지해수욕장,55
615,갈매기 멋있네..꽃지 안면도,54
197,해질녘 안면도 꽃지해수욕장 겨울바다 #shorts,53
194,#서해여행#태안안면도#백사장항#드르니항#꽃게다리#푸른하늘 [st.5],53
578,"(1디모테오서 6장) ""우리는 이 세상에 아무것도 가지고 오지 않았으며 이 세상에서 아무것도 가지고 갈 수 없습니다.""",53
238,안면도 꽃지해변의 석양,52
373,은하철도 999#안면도#,52
601,꽃지해수욕장 나들이 #버스킹 #안면도 #꽃지 #참깨 #서리태,50
376,6월 안면도 오후 바닷가 풍경~^^,50
584,안면도 여행,48
537,#태안여행#안면도#나문재카페#다섯자매#shorts,47
548,저녁노을... #travel #캠핑 #여행 #태안 #꽂지 #안면도 #차박 #sunset #석양 #노을,46
184,불가사리는 생각보다 무겁다.. #태안군 #안면도 #바다 #낚시 #원투낚시 #여행,46
336,초보도 가능한 안면도 우럭배낚시 오후4시간 체험낚시,46
457,새참 안면도 점심 밭에서먹는식사 #안면도 #꽃지 #식사 #참깨 #서리태 2022년 9월 3일,46
636,[합덕맛집] 옛날통닭 췰스,46
154,고고피싱호 우럭조황^^#다운샷 #마검포 #선상낚시 #안면도 #갑오징어 #타이라바 #쭈꾸미 #태안 #외수질 #다잡아 #고고피싱 #고고피싱호,45
515,#안면도 #삼봉해변_노을 #석양,44
124,안면도/태안가볼만한곳 추천합니다 고객님들의 즐거운 여행을 선사할 모켄리조트 ^^,43
344,19일 사리물 #태안군 #안면도 언제든지오셔요 #김용필전도의원 #태안여행 #태안맛집,43
164,23.6.8안면도라이딩,42
276,안면도 수영장 펜션 '바하캘리포니아 펜션',42
187,안면도/영목항 전인옥 가수 귀요미 송이품바 버스킹,42
449,방포해수욕장#방포해수욕장#태안군#안면도,41
279,"영목항일출, 안면도일출, 안면원산대교일출",40
602,안면도 반려견동반 펜션에서 유배당했다,40
435,안면도 지나오는 길에 연꽃이 만발했다. 이렇게 넓은곳은 처음이다. 가까이 가고싶었는데 아쉽다. 그래서 더 화려한것 같다. #안면도 #연꽃,39
235,안면도가족여행,39
499,"(생후23개월) 엄마,아빠와 즐거운 수영놀이(안면도 아일랜드 리솜)👨‍👩‍👧🏊‍♂️",37
245,#안면도#바지락#갯지렁이,35
545,지호야뭐하니?아빠랑안면도여행기 #바다#안면도#서해해수욕장 #안면도나들이#아빠랑놀기#바다 #붉은노을#일몰#곰섬해수욕장 #마검포해수욕장 #갯벌체험 #조개구이,35
491,바다가 내려다 보이는 안면도의 안면암,35
632,"머스탱 GT 행복과 자존감 마음에 위로를 주는 차 - 인생의 착각으로 마음이 서러워도,괴로워도 잊게한다는 매력",35
442,안면도여행 연날리기,33
416,서해안 일몰 #안면도 #sunset #healing,32
349,안면도,31
81,🌴 𝑇𝑟𝑎𝑣𝑒𝑙 𝐵𝑟𝑒𝑎𝑘 𝐶𝑜𝑓𝑓𝑒𝑒 🌴 #안면도맛집#안면도애견펜션 #안면도여행#안면도카페 #안면도펜션#태안카페#트레블브레이크커피#트래블브레이크커피,29
141,안면도애견펜션 즐거운 하루,29
102,안면도배낚시은행나무호(230725),26
481,안면도 항구와 갈매기_호안회 나들이,26
277,안면도 바다사랑 낚시 펜션 해주호!! #해주호 #안면도펜션 #안면도여행 #배낚시,23
650,양갈래머리 농부 시전해보았다 ㅋㅋㅋㄱ #shorts,23
263,안면도 바다가쓴시 ~~~~~,22
430,안면도 꽂지 해수욕장,22
413,23년 가을시작 인가 ? 흰구름 푸른 파스텔 하늘에 여유와 평온함이 보인다,20
368,주말나들이 #안면도버스펜션 #여행 #주말,20
603,안면도 워터파크에 패션피플~#육아 #육아일상 #육아브이로그 #소통 #댓글반응 #shorts,17
446,안면도 씨갈 #seagull,16
346,안면도 ⛱️,15
585,안면도 여행 안면암 부상탑 여름에는 지지~ 꽃 피는 봄날 만나요,14
393,보라카이 아니고 안면도 바다,14
326,안면도 낙조 간월암,14
364,안면도 두바다찬솔 EP 3 카페전망대,13
419,#안면도 #꽃지해수욕장,13
258,비가와도 예쁜 안면도카페 원산도카페 태안카페 멜로우데이즈에서 커피마시기☕️,13
229,태안 안면도 여행 꽃지해수욕장의 겨울바다 아일랜드 리솜앞 Taean Anmyeondo Travel Kkotji Beach Winter Sea,12
520,#안면도#꽃지#일몰,12
521,임영웅 인생찬가 #안면도 가는 길,12
470,#안면암#안면도,9
228,안면도 꽃지해수욕장 가는 길,8
402,안면도 플라워 파크 꽃사진 편집영상 UHD 4K,8
538,#안면도 할미바위 일몰,8
592,안면도카트,7
274,토니박 레크리에이션 #신발날리기 #안면도 #토니박마술사,7
100,안면도 여행 5/10~11,7
409,안면도 더치앤비,6
433,안면도 왕할머니댁에 다녀왔어요! 첫 증손녀딸 안겨드림 🫶,6
525,#여긴어디 #안면도 #돌세우기 #캠핑놀이#shorts,5
566,꼭지.안면도차박,5
321,서해안 여행 안면도 꽃지해수욕장 할매할배바위,5
535,#샛별해수욕장#안면도#하늘,4
465,스포츠닥터#안면도#발맛사지#비닐하우스,4
424,20220916 안면도 리솜 아일랜드,3
297,안면도 꽃지해수욕장 가는 길,2
208,안면도 그날펜션 오션뷰 펜션추천 풀빌라추천 안면도펜션 안면도풀빌라 안면도여행 스테이라이브,2
343,안면도,1
589,미미랑 안면도 여름휴가🤍🩵💙 #안면도여행 #쥬라기박물관 #여름휴가 #공룡 #공룡화석 #공룡체험 #안면도 #안면도가볼만한곳 #아들과함께,0
215,"🇰🇷한국 서해안 안면도, 연육교식당 황태해장국 8,000원 생맥주 4,000원, 서해안 바닷가 드론 촬영 전문가 올림 팬션 원래 70,000원 깎아 주셔서 45,000원 21",0
588,평화로운 서해안 휴양 1번지 안면도 케렌시아 빌라에 매매를 희망하는 손님이 찾아왔습니다~~,0
586,충남 부령 해저 터널 안면도 태안,0
581,[VLOG] ~ 남동생이랑 여행가기 ~ 태안 | 안면도 | 팜카밀레 | 게임사회 | 국립현대미술관,0
639,인생은 학교입니다,0
640,"#캠핑천국/차박의 생활화/방포항에서의 차박 ""숙박비는 안들었으니, 맛있는거 사먹자 "" # 차박 #캠핑 #방포항차박지 #안면도 #서해안여행 #shorts",0
609,안면도1박2일~~해수욕장,0
638,불속에라도 들어가서 / 클라리넷 연주 / 박영구 @youngkoopark9266,0
637,My Drive Trip #4 한적한 시골 도로 드라이브 / #행복#드라이브#주행#여행/,0
635,네이버 블로그 게시글 삭제후 복구하기,0
633,하타요가..간다베룬다,0
594,230815-17 여름휴가/안면도/청포대해수욕장,0
610,안면도정돌어촌계장백에서~~,0
595,MY DRIVE TRIP / #3 충남 태안 방포항~안면도 드라이브 / ﻿#캠핑 #캠핑 #노지차박 #행복 #드라이브 #주행영상 #반려견 동반,0
629,vlog | 임신23주기록 | 만두빚어먹는 임산부의 일상 | 아웃백스테이크 | 안면도태교여행 | 임당조심하기 | 언제 행복하다고 느끼세요?,0
627,우영이네~시은이네~,0
596,"[Vlog]가족과 함께 떠난 안면도, 놀고 먹기✌️",0
597,"안면도 입구 상업용 토지, 태안부동산, 안면도부동산, 태안상가부지,",0
605,"태풍 카눈 그 다음 날...(대천, 안면도, 해저터널 등등)",0
612,안면도연수원 1박2일해수욕장에서,0
611,고등어떼와 대하떼들이 찾아온 안면도의 초가을바다! 꽃게금어기 2틀전 카운트다운!,0
631,우리강산,0
